{
  "id": "portrait-box",
  "title": "Portrait box",
  "description": "Show a portrait box on token hover",
  "version": "0.4.9",
  "compatibility": {
    "minimum": "10",
    "verified": "10.291",
    "maximum": "11"
  },
  "authors": [
    {
      "name": "André Kurth",
      "discord": "Sanguaire#7321"
    }
  ],
  "relationships": {
    "systems": [],
    "requires": []
  },
  "esmodules": [
    "module/main.js",
    "libs/rxjs/esm/es2015/rxjs.min.js"
  ],
  "scripts": [],
  "styles": [
    "/css/portrait-box.css"
  ],
  "languages": [
    {
      "lang": "en",
      "name": "English",
      "path": "lang/en.json"
    },
    {
      "lang": "de",
      "name": "English",
      "path": "lang/de.json"
    }
  ],
  "url": "https://github.com/ferenos/portrait-box",
  "manifest": "https://github.com/ferenos/portrait-box/releases/download/v0.4.9/module.json",
  "download": "https://github.com/ferenos/portrait-box/releases/download/v0.4.9/portrait-box.zip"
}
